timestamp_utc,git_commit,git_dirty,stage,scope,duration_secs,outcome
2026-05-31T19:00:39Z,66d4fb5,clean,fmt,workspace,1,pass
2026-05-31T19:00:51Z,66d4fb5,clean,check,workspace,11,pass
2026-05-31T19:11:13Z,66d4fb5,clean,clippy,workspace,621,pass
2026-05-31T19:34:08Z,66d4fb5,clean,test,workspace,1375,fail
2026-05-31T21:12:15Z,54dde93,dirty,fmt,workspace,1,pass
2026-05-31T21:18:29Z,54dde93,dirty,check,workspace,374,fail
2026-05-31T21:21:58Z,295d780,dirty,fmt,workspace,1,pass
2026-05-31T21:30:29Z,295d780,dirty,check,workspace,510,pass
2026-05-31T21:31:39Z,295d780,dirty,clippy,workspace,70,fail
2026-05-31T21:39:34Z,ce879b3,dirty,fmt,workspace,1,pass
2026-05-31T21:48:52Z,ce879b3,dirty,check,workspace,558,pass
2026-05-31T21:56:57Z,ce879b3,dirty,clippy,workspace,485,pass
2026-05-31T22:01:14Z,ce879b3,dirty,test,workspace,256,fail
2026-05-31T22:34:12Z,1b93a7b,dirty,fmt,workspace,1,pass
2026-05-31T22:46:19Z,1b93a7b,dirty,check,workspace,727,pass
2026-05-31T22:58:08Z,1b93a7b,dirty,clippy,workspace,708,pass
2026-05-31T23:58:11Z,1b93a7b,dirty,test,workspace,3603,timeout
2026-06-01T00:23:37Z,1b93a7b,dirty,fmt,workspace,1,pass
2026-06-01T00:23:47Z,1b93a7b,dirty,check,workspace,9,pass
2026-06-01T00:23:59Z,1b93a7b,dirty,clippy,workspace,11,pass
2026-06-01T00:54:52Z,1b93a7b,dirty,test,workspace,1853,pass
2026-06-01T01:51:13Z,225d161,dirty,fmt,workspace,1,pass
2026-06-01T01:59:50Z,225d161,dirty,check,workspace,517,pass
2026-06-01T02:09:20Z,225d161,dirty,clippy,workspace,569,pass
2026-06-01T02:58:45Z,225d161,dirty,test,workspace,2964,pass
2026-06-01T03:23:11Z,a1e2a95,dirty,fmt,workspace,1,pass
2026-06-01T03:31:53Z,a1e2a95,dirty,check,workspace,521,pass
2026-06-01T03:41:09Z,a1e2a95,dirty,clippy,workspace,556,pass
2026-06-01T04:29:22Z,a1e2a95,dirty,test,workspace,2892,pass
2026-06-01T10:07:44Z,e01dd64,dirty,fmt,workspace,1,pass
2026-06-01T10:15:27Z,e01dd64,dirty,check,workspace,463,pass
2026-06-01T10:25:00Z,e01dd64,dirty,clippy,workspace,572,pass
2026-06-01T11:13:37Z,e01dd64,dirty,test,workspace,2917,pass
2026-06-01T11:33:46Z,8013272,dirty,fmt,workspace,1,pass
2026-06-01T11:44:03Z,8013272,dirty,check,workspace,616,pass
2026-06-01T11:54:17Z,8013272,dirty,clippy,workspace,614,pass
2026-06-01T12:47:34Z,8013272,dirty,test,workspace,3196,pass
2026-06-01T14:50:30Z,de1047f,dirty,fmt,workspace,1,pass
2026-06-01T15:01:18Z,de1047f,dirty,check,workspace,647,pass
2026-06-01T15:10:45Z,de1047f,dirty,clippy,workspace,567,pass
2026-06-01T16:17:58Z,de1047f,dirty,test,workspace,4032,pass
2026-06-01T19:19:45Z,4393133,dirty,fmt,-p rustynet-cli,1,fail
2026-06-01T19:19:56Z,4393133,dirty,fmt,-p rustynet-cli,1,pass
2026-06-01T19:28:16Z,4393133,dirty,check,-p rustynet-cli,499,pass
2026-06-01T19:38:04Z,4393133,dirty,clippy,-p rustynet-cli,587,pass
2026-06-01T19:53:29Z,231aa7f,clean,fmt,workspace,1,pass
2026-06-01T20:03:55Z,231aa7f,clean,check,workspace,626,pass
2026-06-01T20:15:00Z,231aa7f,clean,clippy,workspace,665,pass
2026-06-01T21:20:13Z,231aa7f,clean,test,workspace,3912,pass
2026-06-01T23:00:49Z,b065e2d,dirty,fmt,workspace,1,pass
2026-06-01T23:01:06Z,b065e2d,dirty,check,workspace,17,pass
2026-06-01T23:13:25Z,b065e2d,dirty,clippy,workspace,738,pass
2026-06-01T23:23:13Z,b065e2d,dirty,test,workspace,588,fail
2026-06-02T09:09:41Z,4199ad8,dirty,fmt,workspace,1,pass
2026-06-02T09:18:54Z,4199ad8,dirty,check,workspace,552,pass
2026-06-02T09:28:25Z,4199ad8,dirty,clippy,workspace,571,pass
2026-06-02T10:30:27Z,4199ad8,dirty,test,workspace,3721,fail
2026-06-03T15:04:10Z,9e32f3f,clean,fmt,workspace,1,pass
2026-06-09T22:43:24Z,699892a,dirty,fmt,-p rustynet-cli,1,fail
2026-06-09T22:43:33Z,699892a,dirty,fmt,-p rustynet-cli,1,pass
2026-06-09T22:43:47Z,699892a,dirty,check,-p rustynet-cli,13,fail
2026-06-09T22:44:48Z,699892a,dirty,fmt,-p rustynet-cli,1,fail
2026-06-09T22:44:56Z,699892a,dirty,fmt,-p rustynet-cli,1,pass
2026-06-09T22:45:09Z,699892a,dirty,check,-p rustynet-cli,13,pass
2026-06-09T22:45:23Z,699892a,dirty,clippy,-p rustynet-cli,13,fail
2026-06-09T22:46:03Z,699892a,dirty,fmt,-p rustynet-cli,1,pass
2026-06-09T22:46:14Z,699892a,dirty,check,-p rustynet-cli,11,pass
2026-06-09T22:46:27Z,699892a,dirty,clippy,-p rustynet-cli,13,pass
2026-06-10T01:18:38Z,699892a,dirty,fmt,-p rustynet-cli,1,pass
2026-06-10T01:18:50Z,699892a,dirty,check,-p rustynet-cli,11,pass
2026-06-10T01:19:03Z,699892a,dirty,clippy,-p rustynet-cli,13,pass
2026-06-10T04:18:48Z,699892a,dirty,fmt,-p rustynet-cli,1,pass
2026-06-10T04:19:00Z,699892a,dirty,check,-p rustynet-cli,11,pass
2026-06-10T04:19:13Z,699892a,dirty,clippy,-p rustynet-cli,13,pass
2026-06-10T05:34:45Z,699892a,dirty,fmt,-p rustynet-cli,1,pass
2026-06-10T05:34:57Z,699892a,dirty,check,-p rustynet-cli,11,pass
2026-06-10T05:35:11Z,699892a,dirty,clippy,-p rustynet-cli,14,pass
2026-06-10T06:11:11Z,699892a,dirty,fmt,-p rustynet-cli,1,pass
2026-06-10T06:11:24Z,699892a,dirty,check,-p rustynet-cli,13,fail
2026-06-10T06:12:17Z,699892a,dirty,fmt,-p rustynet-cli,1,pass
2026-06-10T06:12:30Z,699892a,dirty,check,-p rustynet-cli,13,pass
2026-06-10T06:12:47Z,699892a,dirty,clippy,-p rustynet-cli,16,pass
2026-06-10T06:45:31Z,699892a,dirty,fmt,-p rustynet-cli,1,pass
2026-06-10T06:45:43Z,699892a,dirty,check,-p rustynet-cli,12,pass
2026-06-10T06:45:57Z,699892a,dirty,clippy,-p rustynet-cli,13,pass
2026-06-10T07:18:39Z,699892a,dirty,fmt,-p rustynet-cli,1,pass
2026-06-10T07:18:51Z,699892a,dirty,check,-p rustynet-cli,12,pass
2026-06-10T07:19:05Z,699892a,dirty,clippy,-p rustynet-cli,13,pass
2026-06-10T07:53:51Z,699892a,dirty,fmt,-p rustynet-cli,1,pass
2026-06-10T07:54:00Z,699892a,dirty,check,-p rustynet-cli,8,pass
2026-06-10T07:54:09Z,699892a,dirty,clippy,-p rustynet-cli,8,pass
2026-06-10T08:23:00Z,699892a,dirty,fmt,-p rustynet-cli,1,pass
2026-06-10T08:23:09Z,699892a,dirty,check,-p rustynet-cli,8,pass
2026-06-10T08:23:18Z,699892a,dirty,clippy,-p rustynet-cli,9,fail
2026-06-10T08:24:59Z,699892a,dirty,fmt,-p rustynet-cli,1,pass
2026-06-10T08:24:59Z,699892a,dirty,check,-p rustynet-cli,0,pass
2026-06-10T08:25:07Z,699892a,dirty,clippy,-p rustynet-cli,8,fail
2026-06-10T08:25:09Z,699892a,dirty,fmt,-p rustynet-cli,1,pass
2026-06-10T08:25:10Z,699892a,dirty,check,-p rustynet-cli,0,pass
2026-06-10T08:25:19Z,699892a,dirty,clippy,-p rustynet-cli,8,fail
2026-06-10T08:35:15Z,699892a,dirty,fmt,-p rustynet-cli,1,pass
2026-06-10T08:35:23Z,699892a,dirty,check,-p rustynet-cli,8,pass
2026-06-10T08:36:34Z,699892a,dirty,clippy,-p rustynet-cli,71,pass
2026-06-10T09:07:36Z,699892a,dirty,fmt,-p rustynet-cli,1,pass
2026-06-10T09:07:47Z,699892a,dirty,check,-p rustynet-cli,11,pass
2026-06-10T09:08:00Z,699892a,dirty,clippy,-p rustynet-cli,13,pass
2026-06-10T09:08:03Z,699892a,dirty,fmt,-p rustynet-mcp,1,pass
2026-06-10T09:08:54Z,699892a,dirty,check,-p rustynet-mcp,51,pass
2026-06-10T09:09:31Z,699892a,dirty,clippy,-p rustynet-mcp,36,pass
2026-06-10T12:56:41Z,699892a,dirty,fmt,-p rustynet-cli,1,pass
2026-06-10T12:56:52Z,699892a,dirty,check,-p rustynet-cli,11,pass
2026-06-10T12:57:06Z,699892a,dirty,clippy,-p rustynet-cli,13,pass
2026-06-10T13:04:45Z,699892a,dirty,fmt,-p rustynet-cli,1,pass
2026-06-10T13:04:54Z,699892a,dirty,check,-p rustynet-cli,8,pass
2026-06-10T13:05:03Z,699892a,dirty,clippy,-p rustynet-cli,8,pass
2026-06-11T21:52:19Z,6864859,dirty,fmt,workspace,1,fail
2026-06-11T22:15:53Z,4f9683e,dirty,fmt,workspace,2,pass
2026-06-27T20:41:23Z,7774d3f,dirty,fmt,-p rustynet-cli,3,pass
2026-06-27T20:41:24Z,7774d3f,dirty,check,-p rustynet-cli,0,pass
2026-06-27T20:41:39Z,7774d3f,dirty,clippy,-p rustynet-cli,14,fail
2026-06-27T20:42:53Z,3d2c752,dirty,fmt,-p rustynet-cli,3,pass
2026-06-27T20:43:16Z,3d2c752,dirty,check,-p rustynet-cli,23,pass
2026-06-27T20:43:59Z,3d2c752,dirty,clippy,-p rustynet-cli,42,pass
